<?xml version="1.0" encoding="UTF-8"?>
<project-private xmlns="http://www.netbeans.org/ns/project-private/1">
    <editor-bookmarks xmlns="http://www.netbeans.org/ns/editor-bookmarks/2" lastBookmarkId="0"/>
    <open-files xmlns="http://www.netbeans.org/ns/projectui-open-files/2">
        <group>
            <file>file:/home/tejora/app/httpd/htdocs/expressdemo/routes/index.js</file>
            <file>file:/home/tejora/app/httpd/htdocs/expressdemo/app.js</file>
            <file>file:/home/tejora/app/httpd/htdocs/expressdemo/bin/www</file>
            <file>file:/home/tejora/app/httpd/htdocs/expressdemo/lib/db.js</file>
            <file>file:/home/tejora/app/httpd/htdocs/expressdemo/routes/customers.js</file>
            <file>file:/home/tejora/app/httpd/htdocs/expressdemo/package.json</file>
        </group>
    </open-files>
</project-private>
